[
  { "name": "São Paulo", "type": "Cidade", "state": "SP" },
  { "name": "Rio de Janeiro", "type": "Cidade", "state": "RJ" },
  { "name": "Copacabana", "type": "Bairro", "city": "Rio de Janeiro", "state": "RJ" },
  { "name": "Ipanema", "type": "Bairro", "city": "Rio de Janeiro", "state": "RJ" },
  { "name": "Leblon", "type": "Bairro", "city": "Rio de Janeiro", "state": "RJ" },
  { "name": "Botafogo", "type": "Bairro", "city": "Rio de Janeiro", "state": "RJ" },
  { "name": "Barra da Tijuca", "type": "Bairro", "city": "Rio de Janeiro", "state": "RJ" },
  { "name": "Tijuca", "type": "Bairro", "city": "Rio de Janeiro", "state": "RJ" },
  { "name": "Centro", "type": "Bairro", "city": "Rio de Janeiro", "state": "RJ" },
  { "name": "Vila Mariana", "type": "Bairro", "city": "São Paulo", "state": "SP" },
  { "name": "Pinheiros", "type": "Bairro", "city": "São Paulo", "state": "SP" },
  { "name": "Moema", "type": "Bairro", "city": "São Paulo", "state": "SP" },
  { "name": "Perdizes", "type": "Bairro", "city": "São Paulo", "state": "SP" },
  { "name": "Itaim Bibi", "type": "Bairro", "city": "São Paulo", "state": "SP" },
  { "name": "Jardins", "type": "Bairro", "city": "São Paulo", "state": "SP" },
  { "name": "Paulista", "type": "Rua", "city": "São Paulo", "state": "SP" }
]