[
  "Aclimação",
  "Água Branca",
  "Água Fria",
  "Água Funda",
  "Água Rasa",
  "Alto da Lapa",
  "Alto da Mooca",
  "Alto de Pinheiros",
  "Alto do Ipiranga",
  "Alto do Pari",
  "Americanópolis",
  "Anhanguera",
  "Aricanduva",
  "Arthur Alvim",
  "Artur Alvim",
  "Barra Funda",
  "Bela Vista",
  "Belém",
  "Belenzinho",
  "Bom Retiro",
  "Brás",
  "Brasilândia",
  "Brooklin",
  "Brooklin Novo",
  "Brooklin Paulista",
  "Butantã",
  "Cachoeirinha",
  "Cambuci",
  "Campo Belo",
  "Campo Grande",
  "Campo Limpo",
  "Campos Elíseos",
  "Cangaíba",
  "Canindé",
  "Capão Redondo",
  "Carandiru",
  "Casa Verde",
  "Casa Verde Alta",
  "Casa Verde Baixa",
  "Casa Verde Média",
  "Cerqueira César",
  "Chácara Belenzinho",
  "Chácara Califórnia",
  "Chácara Flora",
  "Chácara Inglesa",
  "Chácara Itaim",
  "Chácara Japonesa",
  "Chácara Klabin",
  "Chácara Mafalda",
  "Chácara Meyer",
  "Chácara Monte Alegre",
  "Chácara Santo Antônio",
  "Chácara Seis de Outubro",
  "Chácara Tatuapé",
  "Cidade Ademar",
  "Cidade Antônio Estevão de Carvalho",
  "Cidade Centenário",
  "Cidade Continental",
  "Cidade Domitila",
  "Cidade dos Bandeirantes",
  "Cidade Dutra",
  "Cidade Jardim",
  "Cidade Líder",
  "Cidade Mãe do Céu",
  "Cidade Monções",
  "Cidade Nitro Operária",
  "Cidade Patriarca",
  "Cidade São Francisco",
  "Cidade São Mateus",
  "Cidade Satélite Santa Bárbara",
  "Cidade Tiradentes",
  "Cidade Universitária",
  "Consolação",
  "Copacabana",
  "Cursino",
  "Ermelino Matarazzo",
  "Freguesia do Ó",
  "Grajau",
  "Granja Julieta",
  "Guaianases",
  "Guaianazes",
  "Higienópolis",
  "Horto Florestal",
  "Ibirapuera",
  "Iguatemi",
  "Imirim",
  "Indianópolis",
  "Interlagos",
  "Ipiranga",
  "Itaim Bibi",
  "Itaim Paulista",
  "Itaquera",
  "Jabaquara",
  "Jaçanã",
  "Jaguara",
  "Jaguaré",
  "Jaraguá",
  "Jardim Adutora",
  "Jardim Aeroporto",
  "Jardim Aida",
  "Jardim Almanara",
  "Jardim Almeida",
  "Jardim Alvorada",
  "Jardim Amália",
  "Jardim América",
  "Jardim Ana Maria",
  "Jardim Analália",
  "Jardim Anália Franco",
  "Jardim Andaraí",
  "Jardim Ângela",
  "Jardim Anhangüera",
  "Jardim Antártica",
  "Jardim Apurá",
  "Jardim Arpoador",
  "Jardim Avelino",
  "Jardim Bandeirantes",
  "Jardim Bela Vista",
  "Jardim Bélgica",
  "Jardim Belin Bela Vista",
  "Jardim Benfica",
  "Jardim Bom Clima",
  "Jardim Bom Pastor",
  "Jardim Bom Refúgio",
  "Jardim Bonfiglioli",
  "Jardim Brasil",
  "Jardim Brasília",
  "Jardim Britânia",
  "Jardim Caboré",
  "Jardim Cabuçu",
  "Jardim Cachoeira",
  "Jardim Camargo Novo",
  "Jardim Campinas",
  "Jardim Campo Grande",
  "Jardim Campos Elíseos",
  "Jardim Cantareira",
  "Jardim Caravelas",
  "Jardim Carombé",
  "Jardim Casa Pintada",
  "Jardim Castelo",
  "Jardim Caxingui",
  "Jardim Celeste",
  "Jardim Centenário",
  "Jardim Central",
  "Jardim Cidade Pirituba",
  "Jardim Cidália",
  "Jardim Clímax",
  "Jardim Coimbra",
  "Jardim Colibri",
  "Jardim Colombo",
  "Jardim Colorado",
  "Jardim Comercial",
  "Jardim Conceição",
  "Jardim Consórcio",
  "Jardim Continental",
  "Jardim Copacabana",
  "Jardim Cordeiro",
  "Jardim Cotinha",
  "Jardim Cumbica",
  "Jardim Cunha Bueno",
  "Jardim da Glória",
  "Jardim da Pedreira",
  "Jardim da Saúde",
  "Jardim das Acácias",
  "Jardim das Bandeiras",
  "Jardim das Camélias",
  "Jardim das Carmelitas",
  "Jardim das Esmeraldas",
  "Jardim das Flores",
  "Jardim das Graças",
  "Jardim das Imbuias",
  "Jardim das Laranjeiras",
  "Jardim das Oliveiras",
  "Jardim das Palmeiras",
  "Jardim das Pedras",
  "Jardim das Perdizes",
  "Jardim das Praias",
  "Jardim das Rosas",
  "Jardim das Vertentes",
  "Jardim de Lorenzo",
  "Jardim do Carmo",
  "Jardim do Colégio",
  "Jardim do Lago",
  "Jardim do Salso",
  "Jardim do Tiro",
  "Jardim Dom Bosco",
  "Jardim dos Camargos",
  "Jardim dos Estados",
  "Jardim dos Francos",
  "Jardim dos Lagos",
  "Jardim dos Manacás",
  "Jardim dos Prados",
  "Jardim dos Willis",
  "Jardim Dourado",
  "Jardim Eledy",
  "Jardim Eliana",
  "Jardim Eliane",
  "Jardim Elisa Maria",
  "Jardim Esmeralda",
  "Jardim Ester",
  "Jardim Europa",
  "Jardim Everest",
  "Jardim Felicidade",
  "Jardim Fernandes",
  "Jardim Floresta",
  "Jardim Fonte do Morumbi",
  "Jardim Franca",
  "Jardim Galli",
  "Jardim Guedala",
  "Jardim Helena",
  "Jardim Helian",
  "Jardim Hercília",
  "Jardim Hípico",
  "Jardim Iae",
  "Jardim Ibira",
  "Jardim Ibirapuera",
  "Jardim Iguatemi",
  "Jardim Imperador",
  "Jardim Imperial",
  "Jardim Indaiá",
  "Jardim Independência",
  "Jardim Internacional",
  "Jardim Ipanema",
  "Jardim Ipe",
  "Jardim Iracema",
  "Jardim Itacolomi",
  "Jardim Itajaí",
  "Jardim Itália",
  "Jardim Itapemirim",
  "Jardim Itapura",
  "Jardim Itatiaia",
  "Jardim Itú",
  "Jardim Ivana",
  "Jardim Jabaquara",
  "Jardim Jaú",
  "Jardim Jussara",
  "Jardim Kuabara",
  "Jardim Labitar",
  "Jardim Lagoa",
  "Jardim Laranjeiras",
  "Jardim Laura",
  "Jardim Leonor",
  "Jardim Líbano",
  "Jardim Liderança",
  "Jardim Londrina",
  "Jardim Lourdes",
  "Jardim Luanda",
  "Jardim Lúcia",
  "Jardim Lucieli",
  "Jardim Luso",
  "Jardim Luzitânia",
  "Jardim Macedônia",
  "Jardim Machado",
  "Jardim Marabá",
  "Jardim Maracá",
  "Jardim Marajoara",
  "Jardim Marcel",
  "Jardim Maria Duarte",
  "Jardim Maria Estela",
  "Jardim Maria Luiza",
  "Jardim Maria Rosa",
  "Jardim Maria Virgínia",
  "Jardim Mariliza",
  "Jardim Maringá",
  "Jardim Maristela",
  "Jardim Martins Silva",
  "Jardim Matarazzo",
  "Jardim Miriam",
  "Jardim Míriam",
  "Jardim Modelo",
  "Jardim Monte Alegre",
  "Jardim Monte Azul",
  "Jardim Monte Belo",
  "Jardim Monte Kemel",
  "Jardim Morumbi",
  "Jardim Moura",
  "Jardim Myrna",
  "Jardim Nambá",
  "Jardim Naufal",
  "Jardim Nazaré",
  "Jardim Neide",
  "Jardim Nélia",
  "Jardim Nilsa",
  "Jardim Noêmia",
  "Jardim Nordeste",
  "Jardim Norma",
  "Jardim Noronha",
  "Jardim Nossa Senhora do Carmo",
  "Jardim Nova Carrão",
  "Jardim Nova Germânia",
  "Jardim Nova Vitória",
  "Jardim Novo Carrão",
  "Jardim Novo Horizonte",
  "Jardim Novo Mundo",
  "Jardim Novo Parelheiros",
  "Jardim Novo Santo Amaro",
  "Jardim Novo Taboão",
  "Jardim Odete",
  "Jardim Olinda",
  "Jardim Oliveira",
  "Jardim Olympia",
  "Jardim Ondina",
  "Jardim Oriental",
  "Jardim Orly",
  "Jardim Palmares",
  "Jardim Panorama",
  "Jardim Panorama D'Oeste",
  "Jardim Papai",
  "Jardim Paraguaçu",
  "Jardim Paraíso",
  "Jardim Paraná",
  "Jardim Parelheiros",
  "Jardim Paris",
  "Jardim Parque Morumbi",
  "Jardim Patente",
  "Jardim Patente Novo",
  "Jardim Paulistano",
  "Jardim Paulo VI",
  "Jardim Pedra Branca",
  "Jardim Pedro José Nunes",
  "Jardim Penha",
  "Jardim Pereira Leite",
  "Jardim Peri",
  "Jardim Peri Peri",
  "Jardim Petrópolis",
  "Jardim Picolo",
  "Jardim Pinheiros",
  "Jardim Pirituba",
  "Jardim Planalto",
  "Jardim Popular",
  "Jardim Porteira Grande",
  "Jardim Previdência",
  "Jardim Primavera",
  "Jardim Princesa",
  "Jardim Promissão",
  "Jardim Prudência",
  "Jardim Quarto Centenário",
  "Jardim Raposo Tavares",
  "Jardim Real",
  "Jardim Rebouças",
  "Jardim Recanto",
  "Jardim Record",
  "Jardim Regina",
  "Jardim Reimberg",
  "Jardim Represa",
  "Jardim Rizzo",
  "Jardim Rodolfo Pirani",
  "Jardim Roliópolis",
  "Jardim Romano",
  "Jardim Rosa Maria",
  "Jardim Rosana",
  "Jardim Rubilene",
  "Jardim Rute",
  "Jardim Sabará",
  "Jardim Sabiá",
  "Jardim Samara",
  "Jardim Santa Adélia",
  "Jardim Santa Bárbara",
  "Jardim Santa Cruz",
  "Jardim Santa Efigênia",
  "Jardim Santa Emília",
  "Jardim Santa Fé",
  "Jardim Santa Francisca",
  "Jardim Santa Gertrudes",
  "Jardim Santa Helena",
  "Jardim Santa Inês",
  "Jardim Santa Josefina",
  "Jardim Santa Lúcia",
  "Jardim Santa Lucrécia",
  "Jardim Santa Maria",
  "Jardim Santa Mônica",
  "Jardim Santa Rita",
  "Jardim Santa Rosa",
  "Jardim Santa Terezinha",
  "Jardim Santa Zélia",
  "Jardim Santo Amaro",
  "Jardim Santo André",
  "Jardim Santo Antoninho",
  "Jardim Santo Antônio",
  "Jardim Santo Elias",
  "Jardim Santo Onofre",
  "Jardim São Bento",
  "Jardim São Bernardo",
  "Jardim São Carlos",
  "Jardim São Francisco",
  "Jardim São Gabriel",
  "Jardim São Gilberto",
  "Jardim São Gonçalo",
  "Jardim São João",
  "Jardim São João Batista",
  "Jardim São José",
  "Jardim São Judas Tadeu",
  "Jardim São Luís",
  "Jardim São Luiz",
  "Jardim São Manoel",
  "Jardim São Martinho",
  "Jardim São Nicolau",
  "Jardim São Paulo",
  "Jardim São Pedro",
  "Jardim São Remo",
  "Jardim São Ricardo",
  "Jardim São Roberto",
  "Jardim São Saverio",
  "Jardim São Vicente",
  "Jardim Satélite",
  "Jardim Saúde",
  "Jardim Savoy",
  "Jardim Selma",
  "Jardim Serra",
  "Jardim Shangri-Lá",
  "Jardim Silva Teles",
  "Jardim Silveira",
  "Jardim Sílvia",
  "Jardim Soares",
  "Jardim Sônia",
  "Jardim Sônia Inga",
  "Jardim Sorara",
  "Jardim Sul São Paulo",
  "Jardim Suzana",
  "Jardim Taboão",
  "Jardim Tamoio",
  "Jardim Tapera",
  "Jardim Taquaral",
  "Jardim Teresa",
  "Jardim Textil",
  "Jardim Theália",
  "Jardim Tremembé",
  "Jardim Três Marias",
  "Jardim Triana",
  "Jardim Tropical",
  "Jardim Ubirajara",
  "Jardim Umuarama",
  "Jardim União",
  "Jardim Universidade",
  "Jardim Universitário",
  "Jardim Valquíria",
  "Jardim Varginha",
  "Jardim Vaz de Lima",
  "Jardim Vera Cruz",
  "Jardim Vergueiro",
  "Jardim Verônia",
  "Jardim Viana",
  "Jardim Victória",
  "Jardim Vila Carrão",
  "Jardim Vila Formosa",
  "Jardim Vila Mariana",
  "Jardim Vila Nova Artigas",
  "Jardim Virginia",
  "Jardim Vista Alegre",
  "Jardim Vitória",
  "Jardim Vitória Régia",
  "Jardim Vivan",
  "Jardim Ype",
  "Jardim Zaira",
  "Jardins",
  "José Bonifácio",
  "Jurubatuba",
  "Lajeado",
  "Lapa",
  "Lapa de Baixo",
  "Lauzane Paulista",
  "Liberdade",
  "Limão",
  "Mandaqui",
  "Maranhão",
  "Mococa",
  "Moema",
  "Moinho Velho",
  "Mooca",
  "Morro dos Ingleses",
  "Morumbi",
  "Nova Piraju",
  "Pacaembu",
  "Paraíso",
  "Paraíso do Morumbi",
  "Parelheiros",
  "Pari",
  "Parque Alves de Lima",
  "Parque América",
  "Parque Anhanguera",
  "Parque Arariba",
  "Parque Artur Alvim",
  "Parque Atlântico",
  "Parque Av. 9 de Julho",
  "Parque Bairro Morumbi",
  "Parque Boa Esperança",
  "Parque Boa Vista",
  "Parque Boturussu",
  "Parque Bristol",
  "Parque Casa de Pedra",
  "Parque Císper",
  "Parque Cocaia",
  "Parque Colonial",
  "Parque Continental",
  "Parque da Lapa",
  "Parque da Mooca",
  "Parque da Vila Prudente",
  "Parque das Árvores",
  "Parque das Paineiras",
  "Parque do Carmo",
  "Parque do Lago",
  "Parque do Morumbi",
  "Parque do Otero",
  "Parque do Terceiro Lago",
  "Parque do Tietê",
  "Parque dos Príncipes",
  "Parque Edu Chaves",
  "Parque Esmeralda",
  "Parque Espacial",
  "Parque Europa",
  "Parque Fongaro",
  "Parque Grajaú",
  "Parque Guarani",
  "Parque Guarapiranga",
  "Parque Ibirapuera",
  "Parque Imperial",
  "Parque Independência",
  "Parque Industrial",
  "Parque Industrial Tomas Edson",
  "Parque Ipê",
  "Parque Jabaquara",
  "Parque Jardim Luis",
  "Parque Lago",
  "Parque Lituânia",
  "Parque Mandaqui",
  "Parque Maria Domitila",
  "Parque Maria Fernandes",
  "Parque Maria Helena",
  "Parque Maria Luiza",
  "Parque Meyer",
  "Parque Nações Unidas",
  "Parque Novo Mundo",
  "Parque Novo Oratório",
  "Parque Novo Santo Amaro",
  "Parque Palmas do Tremembé",
  "Parque Panamericano",
  "Parque Paulistano",
  "Parque Peruche",
  "Parque Planalto",
  "Parque Primavera",
  "Parque Ramos Freitas",
  "Parque Rebouças",
  "Parque Regina",
  "Parque Reid",
  "Parque Residencial D'Alessandro",
  "Parque Residencial da Lapa",
  "Parque Residencial Julia",
  "Parque Residencial Oratório",
  "Parque Rodrigues Alves",
  "Parque Santa Amélia",
  "Parque Santa Cecília",
  "Parque Santa Madalena",
  "Parque Santa Rita",
  "Parque Santana",
  "Parque Santo Agostinho",
  "Parque Santo Amaro",
  "Parque Santo Antônio",
  "Parque Santo Eduardo",
  "Parque São Domingos",
  "Parque São Jorge",
  "Parque São José",
  "Parque São Lourenço",
  "Parque São Lucas",
  "Parque São Luis",
  "Parque São Miguel",
  "Parque São Paulo",
  "Parque São Pedro",
  "Parque São Rafael",
  "Parque Sevilha",
  "Parque Shanguiralá",
  "Parque Sonia",
  "Parque Souza Aranha",
  "Parque Taipas",
  "Parque Tietê",
  "Parque Tomas Saraiva",
  "Parque Veredas",
  "Parque Vitoria",
  "Pedreira",
  "Penha",
  "Penha de França",
  "Perdizes",
  "Perus",
  "Pinheiros",
  "Piqueri",
  "Piraporinha",
  "Pirituba",
  "Planalto Paulista",
  "Pompéia",
  "Ponte Rasa",
  "Portal do Morumbi",
  "Prado",
  "Praia da Lagoa",
  "Praia do Leblon",
  "Prestes Maia",
  "Quarta Parada",
  "Quinta da Paineira",
  "Raposo Tavares",
  "Real Parque",
  "Recanto Campo Belo",
  "Recanto dos Sonhos",
  "Recanto Paraíso",
  "Recanto Santo Antônio",
  "Recanto Verde Sol",
  "Republica",
  "Residencial Morumbi",
  "Residencial Sol",
  "Retiro Morumbi",
  "Rio Pequeno",
  "Riviera Paulista",
  "Roraíma",
  "Sacomã",
  "Santa Cecília",
  "Santa Efigênia",
  "Santa Etelvina",
  "Santa Generosa",
  "Santa Ifigênia",
  "Santa Inês",
  "Santa Lúcia",
  "Santa Maria",
  "Santa Marina",
  "Santa Mônica",
  "Santa Teresinha",
  "Santa Terezinha",
  "Santana",
  "Santo Amaro",
  "Santo Elias",
  "Santo Estevão",
  "São Bernardo",
  "São Domingos",
  "São Francisco",
  "São Gabriel",
  "São João Clímaco",
  "São Jorge",
  "São Judas",
  "São Lucas",
  "São Mateus",
  "São Miguel Paulista",
  "São Paulo",
  "São Rafael",
  "São Remo",
  "São Salvador",
  "Sapopemba",
  "Saúde",
  "Sé",
  "Sítio do Mando",
  "Sítio do Morro",
  "Sítio Pinheirinho",
  "Socorro",
  "Sumaré",
  "Super Quadra Morumbi",
  "Tatuapé",
  "Terceira Divisão",
  "Tereza",
  "Terra Preta",
  "Tremembé",
  "Três Figueiras",
  "Tucuruvi",
  "Veleiros",
  "Vila Abertina",
  "Vila Adyana",
  "Vila Agente",
  "Vila Água Funda",
  "Vila Alba",
  "Vila Albertina",
  "Vila Alpina",
  "Vila Amélia",
  "Vila Americana",
  "Vila Anastácio",
  "Vila Andrade",
  "Vila Angélica",
  "Vila Anglo Brasileira",
  "Vila Antonieta",
  "Vila Antônio",
  "Vila Antônio dos Santos",
  "Vila Arapuá",
  "Vila Arigó",
  "Vila Arriete",
  "Vila Azevedo",
  "Vila Bacelar",
  "Vila Bancária",
  "Vila Barbosa",
  "Vila Barreto",
  "Vila Baruel",
  "Vila Basileia",
  "Vila Beatriz",
  "Vila Bela",
  "Vila Bela Aliança",
  "Vila Bela Vista",
  "Vila Bertioga",
  "Vila Bianca",
  "Vila Bozzini",
  "Vila Brasil",
  "Vila Brasilina",
  "Vila Brasilio Machado",
  "Vila Buarque",
  "Vila Buenos Aires",
  "Vila Butantã",
  "Vila Caiçara",
  "Vila Califórnia",
  "Vila Calu",
  "Vila Campanela",
  "Vila Campestre",
  "Vila Campo Grande",
  "Vila Canero",
  "Vila Caraguatá",
  "Vila Carlos de Campos",
  "Vila Carmosina",
  "Vila Carolina",
  "Vila Carrão",
  "Vila Castelo",
  "Vila Castro",
  "Vila Celeste",
  "Vila Centenário",
  "Vila Central",
  "Vila Chalot",
  "Vila Cisper",
  "Vila Clara",
  "Vila Cláudia",
  "Vila Clementino",
  "Vila Cleonice",
  "Vila Comercial",
  "Vila Congonhas",
  "Vila Constança",
  "Vila Continental",
  "Vila Corberi",
  "Vila Cordeiro",
  "Vila Cruzeiro",
  "Vila Cunha Bueno",
  "Vila Curuçá",
  "Vila Dalila",
  "Vila Danúbio",
  "Vila Darli",
  "Vila das Belezas",
  "Vila das Mercês",
  "Vila Deodoro",
  "Vila Diva",
  "Vila do Castelo",
  "Vila do Encontro",
  "Vila do Sol",
  "Vila Dom Pedro I",
  "Vila Dom Pedro II",
  "Vila dos Andrades",
  "Vila dos Remédios",
  "Vila Ede",
  "Vila Elida",
  "Vila Ema",
  "Vila Emir",
  "Vila Erna",
  "Vila Esperança",
  "Vila Ester",
  "Vila Euthalia",
  "Vila Fachini",
  "Vila Fátima",
  "Vila Fernandes",
  "Vila Ferreira",
  "Vila Fiat Lux",
  "Vila Firmiano Pinto",
  "Vila Formosa",
  "Vila Franca",
  "Vila Francisca",
  "Vila Friburgo",
  "Vila Frugoli",
  "Vila Gabriel",
  "Vila Galvão",
  "Vila Gea",
  "Vila Germinal",
  "Vila Gertrudes",
  "Vila Gil",
  "Vila Gilda",
  "Vila Gomes",
  "Vila Gomes Cardim",
  "Vila Gonçalves",
  "Vila Gouveia",
  "Vila Graciosa",
  "Vila Granada",
  "Vila Graziela",
  "Vila Guaca",
  "Vila Guarani",
  "Vila Guiomar",
  "Vila Gumercindo",
  "Vila Gustavo",
  "Vila Hamburguesa",
  "Vila Hebe",
  "Vila Helena",
  "Vila Hermínia",
  "Vila Iara",
  "Vila Ida",
  "Vila Iguaçu",
  "Vila Imbuias",
  "Vila Império",
  "Vila Inácio",
  "Vila Inah",
  "Vila Independência",
  "Vila Indiana",
  "Vila Industrial",
  "Vila Inglesa",
  "Vila Iório",
  "Vila Ipojuca",
  "Vila Isa",
  "Vila Isabel",
  "Vila Isolina Mazzei",
  "Vila Itaberaba",
  "Vila Itaim",
  "Vila Itapanhaú",
  "Vila Ivg",
  "Vila Ivone",
  "Vila Jacuí",
  "Vila Jaguara",
  "Vila Jaguaré",
  "Vila Jaraguá",
  "Vila Joaniza",
  "Vila João Batista",
  "Vila Josefina",
  "Vila Juca",
  "Vila Julia",
  "Vila Julieta",
  "Vila Jurema",
  "Vila Lageado",
  "Vila Lais",
  "Vila Leme",
  "Vila Leopoldina",
  "Vila Libanesa",
  "Vila Lisboa",
  "Vila Liviero",
  "Vila Londrina",
  "Vila Lúcia",
  "Vila Lúcia Elvira",
  "Vila Madalena",
  "Vila Mafra",
  "Vila Malvina",
  "Vila Mangalot",
  "Vila Mara",
  "Vila Marari",
  "Vila Marcelina",
  "Vila Marcia",
  "Vila Margarida",
  "Vila Maria",
  "Vila Maria Alta",
  "Vila Maria Baixa",
  "Vila Maria Luiza",
  "Vila Maria Trindade",
  "Vila Maria Zélia",
  "Vila Mariana",
  "Vila Marieta",
  "Vila Marina",
  "Vila Mariza Mazzei",
  "Vila Mascote",
  "Vila Matilde",
  "Vila Mazzei",
  "Vila Medeiros",
  "Vila Mervia",
  "Vila Mesquita",
  "Vila Michelina",
  "Vila Miriam",
  "Vila Missionária",
  "Vila Moinho Velho",
  "Vila Monumento",
  "Vila Moraes",
  "Vila Moreira",
  "Vila Morse",
  "Vila Nair",
  "Vila Nancy",
  "Vila Natal",
  "Vila Nelson",
  "Vila Nhocune",
  "Vila Nivi",
  "Vila Nova",
  "Vila Nova Alba",
  "Vila Nova Cachoeirinha",
  "Vila Nova Caledônia",
  "Vila Nova Conceição",
  "Vila Nova Curuçá",
  "Vila Nova das Belezas",
  "Vila Nova Galvão",
  "Vila Nova Granada",
  "Vila Nova Jaguara",
  "Vila Nova Manchester",
  "Vila Nova Mazzei",
  "Vila Nova Parada",
  "Vila Nova Savoia",
  "Vila Nova Teresa",
  "Vila Nova Utinga",
  "Vila Nova York",
  "Vila Odete",
  "Vila Olímpia",
  "Vila Olinda",
  "Vila Paiva",
  "Vila Palmeiras",
  "Vila Paranaguá",
  "Vila Parque Jabaquara",
  "Vila Paulicéia",
  "Vila Paulista",
  "Vila Paulistana",
  "Vila Paulo Silas",
  "Vila Pedra Branca",
  "Vila Pedrosa",
  "Vila Penteado",
  "Vila Pereira Barreto",
  "Vila Pereira Cerca",
  "Vila Perus",
  "Vila Piauí",
  "Vila Pierina",
  "Vila Pirituba",
  "Vila Pita",
  "Vila Planalto",
  "Vila Polopoli",
  "Vila Pompéia",
  "Vila Ponte Rasa",
  "Vila Portuguesa",
  "Vila Prado",
  "Vila Prel",
  "Vila Primavera",
  "Vila Progresso",
  "Vila Prudente",
  "Vila Quitaúna",
  "Vila Ramos",
  "Vila Ré",
  "Vila Real",
  "Vila Regente Feijó",
  "Vila Regina",
  "Vila Renato",
  "Vila Rica",
  "Vila Rio Branco",
  "Vila Robertina",
  "Vila Romana",
  "Vila Romano",
  "Vila Rosa",
  "Vila Rosália",
  "Vila Rosina",
  "Vila Rubi",
  "Vila Rui Barbosa",
  "Vila Sabrina",
  "Vila Salete",
  "Vila Santa Catarina",
  "Vila Santa Clara",
  "Vila Santa Cruz",
  "Vila Santa Delfina",
  "Vila Santa Edwiges",
  "Vila Santa Eulália",
  "Vila Santa Isabel",
  "Vila Santa Maria",
  "Vila Santa Terezinha",
  "Vila Santa Virginia",
  "Vila Santana",
  "Vila Santista",
  "Vila Santo Antônio",
  "Vila Santo Estevão",
  "Vila Santo Henrique",
  "Vila Santos",
  "Vila São Francisco",
  "Vila São Geraldo",
  "Vila São Guilherme",
  "Vila São João",
  "Vila São João Batista",
  "Vila São José",
  "Vila São Judas Tadeu",
  "Vila São Luís",
  "Vila São Luiz",
  "Vila São Manoel",
  "Vila São Martinho",
  "Vila São Nicolau",
  "Vila São Paulo",
  "Vila São Pedro",
  "Vila São Remo",
  "Vila São Ricardo",
  "Vila São Roberto",
  "Vila São Saverio",
  "Vila São Vicente",
  "Vila Scarpelli",
  "Vila Seabra",
  "Vila Serralheiro",
  "Vila Silva Teles",
  "Vila Sílvia",
  "Vila Simone",
  "Vila Siqueira",
  "Vila Siria",
  "Vila Socorro",
  "Vila Sofia",
  "Vila Sônia",
  "Vila Souza",
  "Vila Sta. Terezinha",
  "Vila Suzana",
  "Vila Talarico",
  "Vila Teresinha",
  "Vila Tiradentes",
  "Vila Tolstoi",
  "Vila Tramontano",
  "Vila Uberabinha",
  "Vila União",
  "Vila Universitária",
  "Vila Vanda",
  "Vila Verde",
  "Vila Virgínia",
  "Vila Vitória",
  "Vila Viviane",
  "Vila Zelina",
  "Vila Zilda"
]